putnam_1962_a2	failed-humanize-jsonl98-20260709T003743Z	j0-putnam_1962_a2	41aff8c68d288f5823707df386b01120ef6a8e36a062f449275292b646a5927e	78a6fec82d3d7f9b66fd97aecd4b73ad35dd70dad161ebf2db8ecc3da51798cc	c4059274-6242-4970-8a24-b910431cac97	round-5-review-result.md	2026-07-09T15:04:24Z
putnam_1963_a3	failed-humanize-jsonl98-20260709T003743Z	j1-putnam_1963_a3	639a8da983b36790f7fd4bde04084621c5108320714f1469db516c2b935b2ad5	15a888d29143c1019769f797f9756c59b86a4697b6369cece16a671ba4bd13a6	43ba471d-8282-4bdd-a8d3-0dc27c0058af	round-1-review-result.md	2026-07-09T15:04:31Z
putnam_1973_a2	failed-humanize-jsonl98-20260709T003743Z	j10-putnam_1973_a2	e6916bd1b199e894e48cb94d88c1c619adae4b036ac3c5fdb2ae678933e29622	3b00dce0e8932af5c36097a02056f5c38397b6b0b91afe0d9d1cca0729d62ec3	80b18082-5d5b-454c-bdfb-8cdfeee00f1d	round-1-review-result.md	2026-07-09T15:04:37Z
putnam_1974_b6	failed-humanize-jsonl98-20260709T003743Z	j11-putnam_1974_b6	c6a5b04696313bf5eef254074d1ec739a523abbf0373b21920cc7680bc9391fc	cd39e25eeb4d23163e36fd301e9651d25689f27eca0549c17a0992aea079d4b2	6d20e4f7-b8e9-4e02-910e-51cfece8e4c2	round-1-review-result.md	2026-07-09T15:04:42Z
putnam_1975_b3	failed-humanize-jsonl98-20260709T003743Z	j12-putnam_1975_b3	a3b9c5dbcaae5bbc3c1653ff8060629f3c9bcfb3df54ca65e24c8ddb523d7025	e79ac447083dff57ea2e64cdd8518e4015e38b7e786725cf34e9af85c399f304	7a940ed3-64fd-46db-a794-bd9616468286	round-1-review-result.md	2026-07-09T15:04:47Z
putnam_1976_b1	failed-humanize-jsonl98-20260709T003743Z	j13-putnam_1976_b1	6582307b7f57ce403932f246a7c89e8e04d2221489bdfba30a1b661815903a1b	3aed6fe5338b726d3c271f2eca2641d931c347e8abc26bfebe028330783e1dc2	ddec772a-b701-476a-ba44-29843979247a	round-1-review-result.md	2026-07-09T15:04:52Z
putnam_1976_b2	failed-humanize-jsonl98-20260709T003743Z	j14-putnam_1976_b2	d31aa3afcad3f51c88a56754269ce2af3d4555dd706a8cb5bd812362871d13de	af0ab2b043a3200de574dc8846c046127040cb9470fbde306447bc0fa316cb48	3248ba01-d9c0-4c2a-8740-f14389fce6a7	round-1-review-result.md	2026-07-09T15:05:12Z
putnam_1977_a4	failed-humanize-jsonl98-20260709T003743Z	j15-putnam_1977_a4	92e6cc7087d4aa96e0f1a11085cf1b6ea086593f9479a4153e4519482a4c9b18	b7d0beb761d6340759b0c0d44323b6ededf415734f8b17f9bf4d1885c7edefdf	fb2303da-b1b0-4d28-b0a5-1ad23aac940b	round-1-review-result.md	2026-07-09T15:05:19Z
putnam_1977_b1	failed-humanize-jsonl98-20260709T003743Z	j16-putnam_1977_b1	2744f1a2cd9c1e76cd523410562c0dbded4513bc32b647a10edaac313d58119d	b5acd25cfb746a82e0120152bed402a00749db8bd675929550a21baa9970ac63	47a4fd05-061c-46a0-8bec-fc00364a77c8	round-1-review-result.md	2026-07-09T15:05:25Z
putnam_1978_b5	failed-humanize-jsonl98-20260709T003743Z	j17-putnam_1978_b5	c9775cf2fefd4a4f06be336f5adedd4d2302b362b90f7cd15d5d8a42a2a96e6e	becf570f785c65013dfc310000c1cf91564031ae304be4aa5bdee2058c97dc2b	00a0ca65-59fc-4b75-ae6a-339cc6d8822e	round-1-review-result.md	2026-07-09T15:05:40Z
putnam_1979_a1	failed-humanize-jsonl98-20260709T003743Z	j18-putnam_1979_a1	cc69573e0f81df4e1f65c9fd271f52894e7810cdc77d77bfaac588552b30fd34	bfab4b1fa6db89ce07048d79108f7c96c1419a80bab858cbb030e70bbb3f744b	c9240d27-edeb-43e8-be97-cb84f90c4e96	round-1-review-result.md	2026-07-09T15:05:45Z
putnam_1979_b3	failed-humanize-jsonl98-20260709T003743Z	j19-putnam_1979_b3	f2972d97854afa6b749c4df91258dd69aa5cf0dd7daaf32050f3124b81a091a5	748d83f84c2c293130263e83ee4eb7a57599ddf6712b7a45730403bba4e2ab82	476e0a9c-2555-45c9-9d22-fc7ca3106d55	round-1-review-result.md	2026-07-09T15:05:54Z
putnam_1965_b1	failed-humanize-jsonl98-20260709T003743Z	j2-putnam_1965_b1	e9a644e37f1c3797d7c5f0ab5538447c18ebaa99396c6dcbf33cbb6c1aefc130	6a44f50529d1f983025d8cebd7972584cface0ab8f215a28823affd07200968c	c8b7adaa-4cd1-47f0-90ab-799ae1235629	round-1-review-result.md	2026-07-09T15:06:00Z
putnam_1981_a1	failed-humanize-jsonl98-20260709T003743Z	j20-putnam_1981_a1	9eea973cb6221f15043b896a3dd8fac0ab71c38e7df9f3165628a004ce6a2d79	468d8bcd899bcfc38c6252eae5bab8ea5bc044cf9fbff783be68a0c0247fd789	ed242cef-36f6-4cbe-a48c-18b99f48d6b2	round-1-review-result.md	2026-07-09T15:06:05Z
putnam_1981_b1	failed-humanize-jsonl98-20260709T003743Z	j21-putnam_1981_b1	6a59854c3ec860169ab0ca4bf5b22f2327d726a9165e125ee1e159391d12d49a	4cf1c1039cf2fe72b1d91bd599b288abf705f152b1473b29a935f90ee67645e3	52050854-35cc-41a1-aec3-8105392edfea	round-1-review-result.md	2026-07-09T15:06:11Z
putnam_1982_a3	failed-humanize-jsonl98-20260709T003743Z	j22-putnam_1982_a3	b69e1fc1b13a8765a18d9bfb3336a936ae157a3173c74c82bf6069e38e23e2f7	791ab0e30d7b43d991fa53ef98659f18c277e9c30b44f94c18baf313b16268e0	5a865ef8-b2da-4e93-9189-f59ffa920b5b	round-1-review-result.md	2026-07-09T15:06:18Z
putnam_1983_a6	failed-humanize-jsonl98-20260709T003743Z	j23-putnam_1983_a6	bde55608d4af60e16df8982df885a2e70e399b00c969fd4b3bd8d5a0892869e8	3a8883c05731e969bc36e8eb5798509b903dd04582f0293ad33321a5e4514fd3	1bcfbea0-d8a8-4952-8cb2-f0922c3fa860	round-2-review-result.md	2026-07-09T15:06:28Z
putnam_1983_b5	failed-humanize-jsonl98-20260709T003743Z	j24-putnam_1983_b5	6425f868a14dd5fdc244df088e21f20e140d1aa3cb177296af146aded41a61f4	c911862b13f92ac2205477ba7078908bce358ab801d76b81090effa571f7550f	c269190e-9e4c-4831-b974-4edcdcde3838	round-1-review-result.md	2026-07-09T15:06:33Z
putnam_1984_a2	failed-humanize-jsonl98-20260709T003743Z	j25-putnam_1984_a2	fb4f90f289240c7f1e4572cac2f11787f99a69b8426e2480e80a251c7f46af90	cad118029c253af2d026cb96a742415c6e7cfcdbed33eb3ef37b4b51ee9ccf72	e7cfce60-eb7f-4edd-88e3-7dbfd1831fed	round-1-review-result.md	2026-07-09T15:06:39Z
putnam_1984_a3	failed-humanize-jsonl98-20260709T003743Z	j26-putnam_1984_a3	4f162ce3497ae154d65c7ae7a7abfbbfaf18f0e1b0f6baf07a1c5e89b7f1686c	28287e477d5fc08e3a82d9a8bab13e0005a0bf019e41c18bcb08416a403803c0	70eda2ec-838e-467e-ad0d-9273527af7c5	round-1-review-result.md	2026-07-09T15:06:48Z
putnam_1984_b1	failed-humanize-jsonl98-20260709T003743Z	j27-putnam_1984_b1	85ca69d3eb230dccd1d548261e3fb793e6ef54f63d6990920ef498aadaf19524	df29922e453461d1392f84b54482c0f852fbcafe90eaba90950cc99df34311ed	51d45602-d086-4ada-91e5-20072d88d4bf	round-1-review-result.md	2026-07-09T15:06:53Z
putnam_1984_b5	failed-humanize-jsonl98-20260709T003743Z	j28-putnam_1984_b5	da66aa07b5bb837f6d030f63b4b4835f4dfb41e9e28f5ac54f6c9c53961f3f52	3735df1397dcfdedaca9eaed9d92b9f7c20a3a7a2a906df600996dcfc7c18c23	294ed48e-092b-44aa-a2f6-91ea32448fa5	round-1-review-result.md	2026-07-09T15:06:58Z
putnam_1985_a3	failed-humanize-jsonl98-20260709T003743Z	j29-putnam_1985_a3	42fe04088697315885646e7ca0a8a1f0bd3e552a00a81e1c47b558aec1807447	171198b4a4818be15d9205c85dc64d34a21afe6ee083dfccf1a66e22feefbfc3	fcaa063d-3eeb-4c63-b073-e22eda3fc8c6	round-1-review-result.md	2026-07-09T15:07:03Z
putnam_1965_b4	failed-humanize-jsonl98-20260709T003743Z	j3-putnam_1965_b4	87f327aeb3384955fa23ca92328d888a2ace39e63b5224311deb1390c24296b7	80a26f10b5047e25377d3c056ccb39dc359499c82b1e0e2c64889f54123e2029	9bb8a269-8366-40d9-846a-ed2adb898348	round-1-review-result.md	2026-07-09T15:07:11Z
putnam_1985_a4	failed-humanize-jsonl98-20260709T003743Z	j30-putnam_1985_a4	bea08f8ea3d8fece5e26a7d9da8cbb6aa0a187b08a63f59663ab90028edb6fae	3734554756b9381bad01e03f5d46cdf6f2a38f4f554f8b79d68f0e46d3700e52	a4284f19-941b-4557-a265-6ef19c487bb5	round-1-review-result.md	2026-07-09T15:07:16Z
putnam_1985_b1	failed-humanize-jsonl98-20260709T003743Z	j31-putnam_1985_b1	36d3943bb817d9ace6c7cb5f2f79dac71dfb96ffce2687c5849521a6bf879929	3f3dc8622be4b178e9d3f90150ec729722aa40beb3d0ce17e72ec33f5253c8ff	b3907b12-50aa-4deb-998b-7139cce6100c	round-1-review-result.md	2026-07-09T15:07:25Z
putnam_1986_a2	failed-humanize-jsonl98-20260709T003743Z	j32-putnam_1986_a2	bb0edc202185515494e19a52bb9e7919e534ad5cde1633fcb8a00c3748f8a63c	7d642738b157dc0084480b4916f37a66c2bec604a91dc7e2698a8adfb6083230	750816b8-f81e-4f2b-b01f-a25107b80ce7	round-1-review-result.md	2026-07-09T15:07:31Z
putnam_1986_a6	failed-humanize-jsonl98-20260709T003743Z	j33-putnam_1986_a6	f5e04a244fe91a180b707673fc0d0bb327b7ef46ed8069bd7cb928e7d9eef004	42dec1afb260c437fcd415ffe7552d9dcb9ea96e444f79a61301a51dcc060132	574b35fd-582f-40cf-aa51-31f5381ddcbb	round-1-review-result.md	2026-07-09T15:07:40Z
putnam_1987_b6	failed-humanize-jsonl98-20260709T003743Z	j34-putnam_1987_b6	2c751214c45c2ae5b3af81050e22b4d5700b742e25d373217a7feae845ca8f64	1b0fcdd3a2427bc1d9387e61b23324ca9437768dd39dffad736d726f6d079b2c	4ff509fa-fb8f-4524-879c-8628df557722	round-1-review-result.md	2026-07-09T15:07:47Z
putnam_1989_b3	failed-humanize-jsonl98-20260709T003743Z	j35-putnam_1989_b3	3df58ede8261c69d9d5c51b027cb4cc77340bfdbe22fca9221f7dd9e70004cb3	e8a19a5854f66df9aa3d5325423b78a54c0a9abb5e848a41fda9226bf64be7c0	157276e5-420e-4afc-91d6-776a3ebf903b	round-1-review-result.md	2026-07-09T15:07:55Z
putnam_1990_a6	failed-humanize-jsonl98-20260709T003743Z	j36-putnam_1990_a6	8bf08a5d6a7d1abdc18461b3bad5aeef3cbd7eb0fe9fd93477402094d422d11b	d974729a5d1e8f1aa53ee5c6516efec0658870164de2c12a3cadd929559c1a07	4ea8e8c3-57af-4c38-8d43-4572f5ab2003	round-1-review-result.md	2026-07-09T15:08:01Z
putnam_1990_b1	failed-humanize-jsonl98-20260709T003743Z	j37-putnam_1990_b1	70c78e56eb3f4f3cb38380fdfdd575c83f5e88a5f7196457b1a99f3ec1a5ab5d	ddd53499b1346d669310cbf430bde3759479b7cc46e2d1c8e126531c26b93b80	643ffd5e-3081-47e7-a839-360ff74d75be	round-1-review-result.md	2026-07-09T15:08:07Z
putnam_1991_a6	failed-humanize-jsonl98-20260709T003743Z	j38-putnam_1991_a6	6986da0fabd6c396456f29611275869d1d8aaeab934bd3b46978d190fd95135e	f945a1cad5c012527bd1d4f87b900e0d74b6885f9027ca64372bf501557575d8	8bc455af-9b28-4a0d-948b-0e1bd4f077fa	round-1-review-result.md	2026-07-09T15:08:12Z
putnam_1991_b5	failed-humanize-jsonl98-20260709T003743Z	j39-putnam_1991_b5	dc2e7c6af966b098b5a85b30dea5d3de28d35b43cceed5a970db1eba4b677346	f0f489dee2d5c8421ad4758f9ab5adeece43b9394984985e032187bd99f1a3f5	3a90def9-df8a-4810-865e-49b5e6edbddd	round-1-review-result.md	2026-07-09T15:08:25Z
putnam_1967_a5	failed-humanize-jsonl98-20260709T003743Z	j4-putnam_1967_a5	4aa4f578dae011664c2822c3b985f69d9e36ac521948a2b1e1129d6521f8a497	0bc49c9aed53c04d61fc93992b0c14388e281d17715b4753ae85b6903a89acc5	adee7655-51a1-43cf-98cb-09b9d3c28744	round-4-review-result.md	2026-07-09T15:08:32Z
putnam_1991_b6	failed-humanize-jsonl98-20260709T003743Z	j40-putnam_1991_b6	3dc0f3d8c9bd633bc79100aee7e427809a7ede7aeb567120579950aa561a12a1	654391492c0d142e480022102b07810de56810539b62ececf3397251a96c2972	f5cbef62-20b6-4761-a48c-4c1bc0cd2dc8	round-1-review-result.md	2026-07-09T15:08:37Z
putnam_1992_a2	failed-humanize-jsonl98-20260709T003743Z	j41-putnam_1992_a2	a1d9b0d86ec1db7050672564628080978c19aaf71493be478f4ef5647b985973	205691d3e0f05387e7621529f6a048062f5ff43e28115c326ad0888b2d617b4b	41e6a9a7-e1b7-420c-b21e-b1cf4aed0cb2	round-1-review-result.md	2026-07-09T15:08:42Z
putnam_1993_b1	failed-humanize-jsonl98-20260709T003743Z	j42-putnam_1993_b1	9a74e5c741de1e5c039107f5e0a45b6d4035887082be64cb7001955f6f2c5629	e8e10ad4caf216554a0a15e98604d4ba1d0e51bbf91f0e4478bdfcaf5d9b3d04	3670e638-3207-40f3-bc7b-110c26905301	round-1-review-result.md	2026-07-09T15:08:47Z
putnam_1996_a6	failed-humanize-jsonl98-20260709T003743Z	j43-putnam_1996_a6	ca013a1fc79d063931af289f83113009087ed1686bfb753cc8a5106900f61a18	e5bdb7ecbdf7a25112a1a0ccbb876174b41dce3b9f622051197ffbf497fa1ec2	1866fab9-a442-4610-9395-b23ffaccbdc3	round-1-review-result.md	2026-07-09T15:09:16Z
putnam_1996_b3	failed-humanize-jsonl98-20260709T003743Z	j44-putnam_1996_b3	c36eba3ab886b4e4240645d9dda1db1042761296ed4242c002e352acfce083ea	f6c998cc31b53435a8b8f04634ddca3d4d449cb98c1a6c5fd13ef67c94793a45	87fbae20-9d00-4e2f-9901-202a416c5fd4	round-1-review-result.md	2026-07-09T15:09:22Z
putnam_1997_a3	failed-humanize-jsonl98-20260709T003743Z	j45-putnam_1997_a3	0ce4c978abf1e2c692afd3d7e774110961d84d8dd43c3a439fafbdb71db8f1b6	366b09b695358e3cfdb8b891b0b3492c461c96c87b14f54508eea813dc6d2a44	70674455-a785-4f96-8f9e-e6eb39ff5a80	round-1-review-result.md	2026-07-09T15:09:27Z
putnam_1998_b5	failed-humanize-jsonl98-20260709T003743Z	j46-putnam_1998_b5	c4332269b6a685df14a0f5cd78351a404518c724d0aff0c4b36a24064cd498b5	42d3a27c38e2b4fb90cb28599ca37ba4f531b154b82611aa548d94d4a8f2eda0	ac5254bf-87cd-44b5-84a2-3224e20d36e3	round-1-review-result.md	2026-07-09T15:09:34Z
putnam_1999_a4	failed-humanize-jsonl98-20260709T003743Z	j47-putnam_1999_a4	51a2eb5a8e5268d5b56a4bd13f55381075497a5c661aabda5c59642e98baa320	3987f45f32646d59b881df49b94b793f4e3201897c3e688bb37edf525f611a44	362e9faa-d0f4-4907-b71d-7d9785e81a78	round-1-review-result.md	2026-07-09T15:09:41Z
putnam_1999_b3	failed-humanize-jsonl98-20260709T003743Z	j48-putnam_1999_b3	4cd185965f095f035d63bdbbcd8afecaeddc826de997572f84ef10c94bdc7f34	7a907691003461fce0c0d70e653c8ba5caf15955b0e9bbbe3d07e250da214ff9	7c6714e8-6b1d-4f0f-8a48-29339539084e	round-1-review-result.md	2026-07-09T15:09:57Z
putnam_2000_b3	failed-humanize-jsonl98-20260709T003743Z	j49-putnam_2000_b3	243cbc54c881988ff2dda376356f491500aa3adbd3609a62cad2be2ef46370bb	59beb6a53dfdf48738417758928cff591dadccf74ae195c5a24711cbce9fff95	de74c802-b2d3-4dd0-a6dd-76fec8388f9f	round-9-review-result.md	2026-07-09T15:10:08Z
putnam_1968_a6	failed-humanize-jsonl98-20260709T003743Z	j5-putnam_1968_a6	8a7173930109b840818186d32115375394e4ffc0220ea715ee221d38eb0ebd24	b62775e9e7be605d859ee87fbe693949af12a13ad0111f78fd140816728c788c	6b864050-cc71-4800-9c59-efe88c1b8dbd	round-1-review-result.md	2026-07-09T15:10:28Z
putnam_2001_b2	failed-humanize-jsonl98-20260709T003743Z	j50-putnam_2001_b2	e6083297d1638af9cb4508cfbdaa775bc8a278d3be4f95978fe6032e7d7fa8fc	d90ebbf1f729f0d7dd73d72141f1fcaea45e98453c58fe8ba34056579ac53c5f	0608aa8e-aed7-4dd5-a50f-45c2c816a19d	round-1-review-result.md	2026-07-09T15:10:38Z
putnam_2004_b5	failed-humanize-jsonl98-20260709T003743Z	j51-putnam_2004_b5	4ca91e391bb5470ba0924096e3354e4153ed805fc49c9dc6532d711b4e247659	6ae77ec55344a587bacf950ac68349ed998cca9f4c766dcd0e750a7da58bb725	b4a63092-e9f4-4379-9d76-5f03e08d015a	round-1-review-result.md	2026-07-09T15:10:43Z
putnam_2005_a2	failed-humanize-jsonl98-20260709T003743Z	j52-putnam_2005_a2	a5089d19600f0b0e40aa6a088ec1a123eeb5897b323e534a9d6bc5da16c05a01	12ebe981237641fcdb2072033943e6affc882a3eef8475acf376ff52fe0f83ba	bc7da51f-c30e-4063-a30c-9cb4432fdd6b	round-9-review-result.md	2026-07-09T15:10:54Z
putnam_2005_a5	failed-humanize-jsonl98-20260709T003743Z	j53-putnam_2005_a5	143c4a42f20ec7ccf9cc9ceb4450d48bd47c686d2fdf9e4343440c63beed834a	6dccc52c1a945b422f852dee5e21efde0c64c75b9a1ed3ed40c5dcbbd54862ee	f4f27947-383b-4550-97ac-f42f8596f35f	round-1-review-result.md	2026-07-09T15:11:00Z
putnam_2005_b1	failed-humanize-jsonl98-20260709T003743Z	j54-putnam_2005_b1	a36ffe771ddeff434b9625693948f4ce553022889a2d5dafed20d5de4d2ed56a	874bb498c19841dd5e7f9b0fdcf60a30e62dced9d70f3e99105f7cee886cb76d	760c7392-aec3-45f9-a46a-bea797e41362	round-1-review-result.md	2026-07-09T15:11:05Z
putnam_2005_b2	failed-humanize-jsonl98-20260709T003743Z	j55-putnam_2005_b2	6d3a6f8183d6b93ec2a15175dd77fdfe94db685148dd2a62879e97c5eb640480	cb1ccad689f5d749caaf37f01476505eb74c9819c7cac7e52be771df68d9eb71	aec0b00d-c49e-46f4-9973-5e75c20e5052	round-1-review-result.md	2026-07-09T15:11:16Z
putnam_2006_a5	failed-humanize-jsonl98-20260709T003743Z	j56-putnam_2006_a5	05012a5a8bcc63ef79f2bf2336210fc156bbab379135ed6ef0be032b606a9683	eedf619e1351085ecf891add019fdd65640a7ceff6f9c15dd61873abfb727566	05beef81-7b16-4335-b55a-041b7185b924	round-1-review-result.md	2026-07-09T15:11:23Z
putnam_2006_b6	failed-humanize-jsonl98-20260709T003743Z	j57-putnam_2006_b6	6a59b945b61b18c173d1d1a5167d1e65a381c8a13ca27daed51f3a70c41fc215	49db4e42f139f7172d07727f0b321a4678147c5e3796d4bf482323ac19a090da	5b98e516-4d19-4c77-b944-e0005b2a0e59	round-1-review-result.md	2026-07-09T15:11:30Z
putnam_2007_b3	failed-humanize-jsonl98-20260709T003743Z	j58-putnam_2007_b3	f72c20170df8f17e4a4cf98d429cec38704110266c39285f90cd80b9ee3f3321	19c844ecc5518437f126bf3366396b215bc8512aa09a114ea5407c1d0d686956	e3ef4fed-d134-4a80-b982-a7882b263e13	round-1-review-result.md	2026-07-09T15:11:38Z
putnam_2008_b2	failed-humanize-jsonl98-20260709T003743Z	j59-putnam_2008_b2	a0978c411a90f7cca7d3731b0728b90371b13ddd86cfc91db406dc488ed771fb	d82748002ab429f9f111126bd8e97289bbc0231435c2972e94fc88a67c5464fa	b0c6fbdb-cdb7-4141-8737-cf90de1c9b52	round-1-review-result.md	2026-07-09T15:11:44Z
putnam_1969_a1	failed-humanize-jsonl98-20260709T003743Z	j6-putnam_1969_a1	14e6771cd3b6447ab2c06bd81635d5dcedf5c5d262a276491f31b5f54dd5ea63	407ec1be00649daa7f5783c13a38626979983bcdab9371359b167d342367d2e7	db7ad572-7dc0-41a6-9f16-2c4781f3878e	round-1-review-result.md	2026-07-09T15:11:57Z
putnam_2009_a2	failed-humanize-jsonl98-20260709T003743Z	j60-putnam_2009_a2	3990dc1698af1f96c4668f9ada77a822c083f345f8e0e0c12d2ec700d8bd8700	facd6337ed78e5246d2a63e8cd214320429e0828d92687c836fb42fe865bbbef	d8daeae8-d5c2-4a01-b4a8-a84d84d6d5b7	round-1-review-result.md	2026-07-09T15:12:07Z
putnam_2009_a3	failed-humanize-jsonl98-20260709T003743Z	j61-putnam_2009_a3	93b7c1dbdfa7d3eeb1e3571f266853ab86a5c81768ed79749f75a1e6e3608279	f41e390c344db98d12481939768b3b26f868b65a839807ed060ccb5c4729b9fc	a69e81d0-95e6-4bd7-a7b0-0ade0c5ef1ae	round-1-review-result.md	2026-07-09T15:12:12Z
putnam_2009_a5	failed-humanize-jsonl98-20260709T003743Z	j62-putnam_2009_a5	e65e13a25595cb2880127f43ada2de1dcef3c6a57c26a7286ae12d6c7af05df7	7a801fc697612d35f86643584aa77a5c26ea75ee140d7f70e51c213b42ed23e9	db600b51-d7d8-43c0-b42b-f8fda53d9b67	round-1-review-result.md	2026-07-09T15:12:20Z
putnam_2010_a1	failed-humanize-jsonl98-20260709T003743Z	j63-putnam_2010_a1	e83e5b67d4379d3a52fe1c3cfdccc848426098a78d25aab16117da457a0b435f	a7ff0f60fe5e7e3a1ea0688dc97a0fc810290e07ef201f79b7bed8a07e6dd51a	8ba5f1b0-7c08-49f7-aed1-127e6fedaf53	round-1-review-result.md	2026-07-09T15:12:27Z
putnam_2010_b2	failed-humanize-jsonl98-20260709T003743Z	j64-putnam_2010_b2	7000c0b9e8810082810911fff3fd657b84054cb2a4992548f8718a1099d109c5	10a192e3062c594a3a6c601fe006e00105c0c1c525f9f963140b63c9a5a4bd83	ed95b386-e632-48bf-91f6-d5147d0eccf9	round-1-review-result.md	2026-07-09T15:12:44Z
putnam_2011_a1	failed-humanize-jsonl98-20260709T003743Z	j65-putnam_2011_a1	ae2bdd4256ef528168d7047219ae914ddead179eef59ca5513f64eb8b503078e	839f1c1414c128d5c5bfcf9284f251900deadc6cc87221d9c23f72a4e32f8b70	1e718fc5-2138-4a7e-86c3-527256972069	round-1-review-result.md	2026-07-09T15:12:55Z
putnam_2011_a2	failed-humanize-jsonl98-20260709T003743Z	j66-putnam_2011_a2	854b9c0995bd7982d6df7644eba9642a650f80a937a86545b1f62e4db413cc00	1822adce13e022bd427726bd32017d1061e95900c80c505e27c4c43ee1413d01	8719db97-a55f-476c-9fb2-122be68d21e3	round-1-review-result.md	2026-07-09T15:13:02Z
putnam_2011_a3	failed-humanize-jsonl98-20260709T003743Z	j67-putnam_2011_a3	6d30eccbd18f51b0216310e68c0520391769e89c319ccd436432f4a9f18bc8b8	f9501c5a400fe5df06bb2b05117dc1f6c9552dbf6125c8cebf8d039062c50240	5cfeb800-0110-4196-81e4-3e76bdfb1dc6	round-1-review-result.md	2026-07-09T15:13:10Z
putnam_2013_a2	failed-humanize-jsonl98-20260709T003743Z	j68-putnam_2013_a2	2815bcb85ab27b56c18c6390d8acb90bcf13230d1909d83fdeadf6711533c8cb	fe0ca8a52d8890f5edfbeae030c16bf3fecf512d3869eb016c5160bf05605d6f	da77def5-8c65-4866-ab55-f44c1021c266	round-1-review-result.md	2026-07-09T15:13:21Z
putnam_1970_a3	failed-humanize-jsonl98-20260709T003743Z	j7-putnam_1970_a3	8a1239ac4477f1a134bac5af06d46f85074b14201e97faa5456665db41239368	99135493bc14a743e9ff61acaaf46eb62d9ce9adcbba36f5b6d3abd90061e4b9	e65e8411-b989-4849-9ceb-b1cfd891a6d3	round-1-review-result.md	2026-07-09T15:13:29Z
putnam_2013_b1	failed-humanize-jsonl98-20260709T003743Z	j70-putnam_2013_b1	6ca457dfb5bd49967d040b0026a830f436c3855837f36634f1cc26c01ace930f	5d60e0e59506c5110079c320e0e79e36d3c122a64974cebdaeafbd74410df46a	911eaa34-2820-44dc-b050-09496e1e60c8	round-1-review-result.md	2026-07-09T15:13:34Z
putnam_2014_a3	failed-humanize-jsonl98-20260709T003743Z	j71-putnam_2014_a3	d2e0ac9efa9c7e87134e829e0aba8a8025be6bda7dcc506ad5af147802a3c2b6	1eac410907f3ec4a26884a106130fabee7ec862c2ab1cd94d615d0aa8a4aa5e6	cbb36a20-b28c-4a8b-ba21-fafe142048cd	round-1-review-result.md	2026-07-09T15:13:40Z
putnam_2014_b2	failed-humanize-jsonl98-20260709T003743Z	j72-putnam_2014_b2	bddaa7bce60fc103184fd4245137817dfb3b7e9a06f1910f0ee7e2319a8290ac	645fcf9dac833fee9025f7d1babf38b94df149a41e1dc72e5406e5b7c66d9236	f0ef30bb-28d3-4460-8491-68718402a84d	round-1-review-result.md	2026-07-09T15:13:48Z
putnam_2015_a3	failed-humanize-jsonl98-20260709T003743Z	j73-putnam_2015_a3	026ec4503f8c357a271f604f506ae0e02d2b9f96ef618c5ed76bb634327f2b20	12c8b49ec14eb0b7faf0c9104754bab7f209d3b406b41178e8eafe42f0927da9	abc75f3d-2504-4c8e-81fc-9360aab2256e	round-1-review-result.md	2026-07-09T15:13:54Z
putnam_2015_b3	failed-humanize-jsonl98-20260709T003743Z	j74-putnam_2015_b3	ccdaeb72fed84964bcd26e1cbaf3063d082911c4e229fed31c1860f0c8a0f306	6506fdd914db76a56a0f5cc18bab4c700baf165638ce4189c21e5a61d8f83e50	ded3e228-87fc-4ae5-94b6-73d382e2dbc6	round-1-review-result.md	2026-07-09T15:14:02Z
putnam_2015_b6	failed-humanize-jsonl98-20260709T003743Z	j75-putnam_2015_b6	8795156c9ee46c9eb9897fac32ce25f3f24560bee78de177302d9ec2e14edb91	614aee3bafb999d626da0ec32069bfe37a603ec875b49be62ae6935b28b52538	9460b02a-5fc0-49dc-a7c4-3403cc7179dd	round-2-review-result.md	2026-07-09T15:14:09Z
putnam_2016_a2	failed-humanize-jsonl98-20260709T003743Z	j76-putnam_2016_a2	841d1e7774663ee665254d6e8490efb8b648cf6ae92107ab62a4368170bd21a0	33b9c19c967de545a2b5a8272167bcfffd200c18482aa4ccf5314fa2331cf973	1c3f7b6c-7855-4ccf-967d-c57f85a1fb42	round-1-review-result.md	2026-07-09T15:14:19Z
putnam_2017_b4	failed-humanize-jsonl98-20260709T003743Z	j78-putnam_2017_b4	ff389dfc4a24e1aa639cacb12cfd71d5001528998c06f0cc9a4edda60a2c6df6	de3513f81b73e35e267628ca96615a056354f69e4b4bcc051fcdd3729606235c	011480a6-6b6c-48ea-8337-3fbce71f8386	round-1-review-result.md	2026-07-09T15:14:25Z
putnam_2017_b6	failed-humanize-jsonl98-20260709T003743Z	j79-putnam_2017_b6	26a5969edc0b9e04664473305d8932c1a15df2783d67f938f823516860bab8e3	ff50c5c72bdcd5ea1f7288ada9e9b91c8bdc1bc1471b4fbb12fac51231853054	bf69c506-71d2-474b-b217-4c2e63851bb2	round-1-review-result.md	2026-07-09T15:14:40Z
putnam_1970_b1	failed-humanize-jsonl98-20260709T003743Z	j8-putnam_1970_b1	6f781594b8bfcccb904a1f2fa595f50e15a4f0107261b4eb89457d2b988a2be6	2839336e494c43b179b202fa973fe7519a79f19a41da5b1bcc8121d1b1e35d9d	2bb6822f-f31f-4207-8b49-eb7a97e2c839	round-1-review-result.md	2026-07-09T15:14:47Z
putnam_2019_a3	failed-humanize-jsonl98-20260709T003743Z	j80-putnam_2019_a3	05d73c6314b02754b604fa1b1dc675ae53d8719ef4917a982e2f2ccc7b0a3003	409dca6bbf51c46042737d320d85bcdf9b087ca29c5caeb63f58e9df2d6f8bf2	9d243ac9-f01c-47ea-8b81-cf666a5e2bfd	round-1-review-result.md	2026-07-09T15:14:53Z
putnam_2019_b2	failed-humanize-jsonl98-20260709T003743Z	j81-putnam_2019_b2	e4bf1c7fd4723364b590c691299117787628ea400ba9952a31167846994cf600	f59355984bf7df909a684f87db489eb1c5c8efda423a6ef74a940aa39b05d85c	95beb938-8976-46f5-9c15-330e90a922b7	round-1-review-result.md	2026-07-09T15:14:59Z
putnam_2019_b4	failed-humanize-jsonl98-20260709T003743Z	j82-putnam_2019_b4	da052c7791a6ea9c4d68a32505b162a5cefc1bf7bd69da6d76ba2b5a3a62a1ed	fa37777420f05a592954bbd8f3a7f7f713b662e51b4bf2a41f0750ee2157c1bb	2d9ac683-9b1c-437d-acc4-75be01238a2a	round-1-review-result.md	2026-07-09T15:15:11Z
putnam_2020_a5	failed-humanize-jsonl98-20260709T003743Z	j83-putnam_2020_a5	854784f67b239169a73278c6d8ac455936226ce4334d611cc4d5f90dd9a6bd4e	57ae7fb64a12ea01629bfc0b83b095b67dcf650be821eaed368de7edc8f738b2	fdb6bcb9-a82d-49cc-829a-59528b217af0	round-1-review-result.md	2026-07-09T15:15:18Z
putnam_2021_a2	failed-humanize-jsonl98-20260709T003743Z	j84-putnam_2021_a2	89884aea483517ed6363707601947ea6c26e3001305ca31df2a9b72e1fdf6b4d	e6cf82226cb2c97ff8bd525dc4ade1ff7234b5f2dc6f1fd934d81281469b8388	5786fb53-4d90-456b-a6ea-721b7a973038	round-1-review-result.md	2026-07-09T15:15:23Z
putnam_2021_a3	failed-humanize-jsonl98-20260709T003743Z	j85-putnam_2021_a3	0c87a5818e85d72cac5e98d549d6da14a93512d5236132cab7e521cc808a9e65	933851bc49fb3c6355b643bfa46d8985bd4ba05ce95e5ba9daa5695af34d398a	b1c2d5ad-1575-4fb1-87f1-6e574b08c076	round-1-review-result.md	2026-07-09T15:16:40Z
putnam_2021_a4	failed-humanize-jsonl98-20260709T003743Z	j86-putnam_2021_a4	c5e13c6a805c3bf9f5a4ff2781436bdd5e06b85cb70ecaed234df724b19d99c7	2a89351b3b9f3671c907ea741f6b17428d787379ea2f3d08bc693d6e764cfd7d	a3d5469e-3d4b-49f0-a5f3-eb2d185052d4	round-3-review-result.md	2026-07-09T15:16:47Z
putnam_2022_a4	failed-humanize-jsonl98-20260709T003743Z	j87-putnam_2022_a4	5817ee14a5283a8d666e78eaa5cb19b2ed46905f0e39942bfb8a8d28e8cef333	8d6a8628103e70d1674bc92fb252219382085912424122bfedc1704ac9ea924c	2fc53a78-8ebd-4e0a-9578-cbc530e423e4	round-1-review-result.md	2026-07-09T15:16:53Z
putnam_2022_a5	failed-humanize-jsonl98-20260709T003743Z	j88-putnam_2022_a5	014ff7b03e447c19748ed771cc9c5b128406151386f25da003827b8572339d1f	881e949811e4274c37d9a1da1de7dcc5f70def25a6fe682517321e2d5bb3e914	b6ec06da-c5d9-4d10-8d82-498f416b25e3	round-5-review-result.md	2026-07-09T15:17:22Z
putnam_2022_a6	failed-humanize-jsonl98-20260709T003743Z	j89-putnam_2022_a6	374ef8d1beb3c55583bb72ea55b9e4dfc773f669827c12be711cd7c1d640108e	5034e176c7a5c08bc0976620bc06fe8d16d7780ceb58d5743060ac68cae253e3	2d5357b9-bdef-4a54-b737-f4e7e9d5d458	round-12-review-result.md	2026-07-09T15:17:33Z
putnam_1971_b2	failed-humanize-jsonl98-20260709T003743Z	j9-putnam_1971_b2	48f3c6e5a95223a7b3ee9cd7f99410e6113a6b3ce955b8d777f4a704dadfe173	9b5a24e17660b0f9f3fabc4a2a59df0d694bed65617a8546561594aa9ed55d80	c6f3b4e0-7c8f-4d8a-8322-d1599698d411	round-1-review-result.md	2026-07-09T15:17:38Z
putnam_2023_a1	failed-humanize-jsonl98-20260709T003743Z	j90-putnam_2023_a1	30f4f0c1a97d88e45cc440a71fee8af3081f97ea9e81e87519f06efa405237e4	d0b1376ddb348e50f91343764277abbc01abff3626c279a3138a780bc07b6ec4	e67332de-fbd1-4552-9a19-675fc5229006	round-1-review-result.md	2026-07-09T15:17:43Z
putnam_2023_a2	failed-humanize-jsonl98-20260709T003743Z	j91-putnam_2023_a2	2611a31f9ea3fb67dcb08f7857a658ea32374e7c850951663ccf032359c1237a	f5c112e72215191bbf35d175211160956afd0881b32e648db0673b9c0e78c240	1a5c79b9-aa3f-4922-adee-cbc8d6beb181	round-1-review-result.md	2026-07-09T15:17:54Z
putnam_2023_a5	failed-humanize-jsonl98-20260709T003743Z	j92-putnam_2023_a5	90529038bbb1da816779df688102040d5247f5d87056d178215227ed04fa5ed9	b4970c9d5840e596ac2aeb12b6b18779a40acf1a5fea1dd89310337014a1fbfc	7fa4efc0-6ea8-45fc-8a5e-3d44d158e917	round-1-review-result.md	2026-07-09T15:18:02Z
putnam_2024_a3	failed-humanize-jsonl98-20260709T003743Z	j93-putnam_2024_a3	e0dd06033436c3b9bfca401e5cfe480cb68192e8ea41a2b0ab8a66dc3d44f318	f19b2603c20dedde330ddd224dcb6866e9b0c1408a2f45655a5e2e216a16d9cc	744621a1-8f42-4605-bbc3-0a1aac92bd11	round-13-review-result.md	2026-07-09T15:18:12Z
putnam_2024_b1	failed-humanize-jsonl98-20260709T003743Z	j94-putnam_2024_b1	ccf65cf63398930404feb5d24b5292350e748865db39791cde37391490be383d	a2ed4a7b39c83ec8ce83e419c0ca9585a9a524185d106fd18e24dae30106ffed	aac24dc5-0927-49ec-85e4-319c2814df06	round-1-review-result.md	2026-07-09T15:18:20Z
putnam_2024_b4	failed-humanize-jsonl98-20260709T003743Z	j95-putnam_2024_b4	ce19e3a6b80540febbd67ff28cfc1bc2a3d2b36e2f8815227ddc926d4ab42201	6b3f6965cd7a15f56069e12b34cc199978246dbad83b036c543d9f94c076a228	159073e5-916d-4c93-8bbb-710b0d197d47	round-1-review-result.md	2026-07-09T15:18:26Z
putnam_2025_a4	failed-humanize-jsonl98-20260709T003743Z	j96-putnam_2025_a4	df651a4a715720fdd87cce6f0c2cced514811cb9c53e28516dc9b7705d9baa0b	2fefa1678c37338c9042354f1345d2b23fef805bcc324b33cef3aaebfc1d5392	97ac591c-b0e1-4007-beec-53509a3b2cb6	round-1-review-result.md	2026-07-09T15:18:40Z
putnam_2025_b6	failed-humanize-jsonl98-20260709T003743Z	j97-putnam_2025_b6	94571acacf14380774d59f1c3ba70d52269cf007aa124e0cccb98f760183aa85	0674c90e20a0c80d5238cccf2c6cd4c38281667f35b86da51cced966d675acc7	f1cdfa4d-c47c-4a04-9f0d-a72c3bbb4a52	round-1-review-result.md	2026-07-09T15:18:48Z
